Dyad,Window,PowerLMov,Freq,PowerRMov,PowerLAud,PowerRAud,BothPer,IndPer
1,1,1.9509357273574675,-1.6123599924395315,1.3531669084397075,2.046868126350271,1.7986075975892983,0.009642654566080544,0.004963131026659104
1,1,1.7912601492168434,-1.3113299967755503,1.6492826545530264,1.3190512453057956,1.2591326003109988,0.009642654566080544,0.004963131026659104
1,1,1.672253588413759,-1.0102999566398119,1.6035570352549275,1.2657252692486576,1.128979641406193,0.009642654566080544,0.004963131026659104
1,1,1.4955880665758319,-0.7092699609758307,1.1581717143872552,0.9143172994906636,1.2138747749378747,0.009642654566080544,0.004963131026659104
1,1,0.9199235276481385,-0.4082399653118496,1.038926175553066,0.9375305159822549,0.991295661580316,0.009642654566080544,0.004963131026659104
1,1,0.4272984693043238,-0.10720996964786837,0.6306517082963868,0.7840428629737781,0.8344701451322911,0.009642654566080544,0.004963131026659104
1,1,0.06568631837962702,0.19382002601611284,0.40763347307926723,0.49782495215226497,0.5929569071476273,0.009642654566080544,0.004963131026659104
1,1,-0.24706649065578346,0.494850021680094,-0.007884904469303315,0.20773909025526305,0.25050888119964887,0.009642654566080544,0.004963131026659104
1,1,-0.583671838679431,0.7958800173440752,-0.4244518945841838,-0.036992736247349875,-0.17201870599956712,0.009642654566080544,0.004963131026659104
1,2,1.926705264982655,-1.6123599924395315,1.2765076823702606,1.1127475931311086,0.9616074294658454,0.01106069200226886,0.004963131026659104
1,2,2.013933765172398,-1.3113299967755503,1.7429532584642484,1.3717794840773343,1.0006916007373077,0.01106069200226886,0.004963131026659104
1,2,1.6307299332686682,-1.0102999566398119,1.4457922094753037,1.362442712704037,1.077913940718134,0.01106069200226886,0.004963131026659104
1,2,1.1364737897117059,-0.7092699609758307,1.136740068948098,1.132304502210669,1.3200846164040747,0.01106069200226886,0.004963131026659104
1,2,0.9940950607398787,-0.4082399653118496,1.0846226151627776,1.0665352050299453,1.034712043971932,0.01106069200226886,0.004963131026659104
1,2,0.5055362594156173,-0.10720996964786837,0.8011776245683534,0.7602200164050348,0.9426943611903426,0.01106069200226886,0.004963131026659104
1,2,-0.02857176931205172,0.19382002601611284,0.3788383304346283,0.468110195197884,0.5292412160434331,0.01106069200226886,0.004963131026659104
1,2,-0.3377395615680988,0.494850021680094,-0.2493701022174386,0.25267966082334065,0.16485728831187293,0.01106069200226886,0.004963131026659104
1,2,-0.4878878558510895,0.7958800173440752,-0.5720229503974739,-0.051372645787983374,-0.16466657891526548,0.01106069200226886,0.004963131026659104
1,3,1.7553661314832665,-1.6123599924395315,1.1291843234387997,1.7522000891177767,1.8559196426361342,0.003970504821327283,0.004963131026659104
1,3,1.8205953501822383,-1.3113299967755503,1.608655588408051,1.5989688751098443,1.3322800041909948,0.003970504821327283,0.004963131026659104
1,3,1.8263265102478645,-1.0102999566398119,1.508142117003999,1.1666919563923048,1.3922984285188778,0.003970504821327283,0.004963131026659104
1,3,1.368637826312152,-0.7092699609758307,1.2118085715032614,1.1817608333312746,1.1460362629297955,0.003970504821327283,0.004963131026659104
1,3,1.112213720710872,-0.4082399653118496,0.9897821057533159,1.1845991958901134,1.0145034365646393,0.003970504821327283,0.004963131026659104
1,3,0.4106301180640104,-0.10720996964786837,0.6146430828817531,0.7633790044318279,0.810526256531585,0.003970504821327283,0.004963131026659104
1,3,-0.04752724323375033,0.19382002601611284,0.45823085994379953,0.46241575859579875,0.6324891985420675,0.003970504821327283,0.004963131026659104
1,3,-0.36310622889638516,0.494850021680094,-0.03594046521482399,0.1359598350860931,0.20324707867856315,0.003970504821327283,0.004963131026659104
1,3,-0.559374017933401,0.7958800173440752,-0.3414839099479305,-0.10330141926213185,-0.18948894347455109,0.003970504821327283,0.004963131026659104
2,1,2.1274758822706383,-1.6123599924395315,1.8079557627668004,1.8629871407431222,1.9359844318029622,0.04747384155455904,0.01046337817638266
2,1,1.5749715517560663,-1.3113299967755503,1.5277398691110677,1.6068846314638168,1.6588215080901332,0.04747384155455904,0.01046337817638266
2,1,1.5668063482318486,-1.0102999566398119,1.2211495024048518,1.361973019102291,1.4076244638065825,0.04747384155455904,0.01046337817638266
2,1,1.1424795566545844,-0.7092699609758307,1.221907316188028,1.0064190463771705,1.1137794375807542,0.04747384155455904,0.01046337817638266
2,1,0.8603583993765578,-0.4082399653118496,0.8918050947140439,0.9845565042695454,1.0372896776470146,0.04747384155455904,0.01046337817638266
2,1,0.5989744471314106,-0.10720996964786837,0.6333581789155571,0.7592950987693078,0.6819010804346378,0.04747384155455904,0.01046337817638266
2,1,0.2562116858421519,0.19382002601611284,0.37093121406460416,0.4501465333929844,0.3922003004277931,0.04747384155455904,0.01046337817638266
2,1,-0.11522148247001472,0.494850021680094,-0.022567388580630055,0.1559679098507118,0.14199234976818528,0.04747384155455904,0.01046337817638266
2,1,-0.447730376995934,0.7958800173440752,-0.2932626988176306,-0.06556823885852071,-0.09797784186552679,0.04747384155455904,0.01046337817638266
2,2,1.7927627835524516,-1.6123599924395315,1.575044063098705,1.8350241537167704,1.8859016984839412,0.024813153961136022,0.01046337817638266
2,2,1.616020439348829,-1.3113299967755503,1.6981788365977075,1.5822074149008243,1.4337672184343473,0.024813153961136022,0.01046337817638266
2,2,1.2920047070283016,-1.0102999566398119,1.1886591908952098,1.3333794471714178,1.2121018152154055,0.024813153961136022,0.01046337817638266
2,2,1.3289791044720718,-0.7092699609758307,1.109209951455488,0.9605055896386434,1.0637781348335262,0.024813153961136022,0.01046337817638266
2,2,0.7305349076336071,-0.4082399653118496,0.8223037336206567,0.9679862993627553,1.162402441308558,0.024813153961136022,0.01046337817638266
2,2,0.5405812363071338,-0.10720996964786837,0.5906072426266832,0.7298195406675281,0.8456856104473993,0.024813153961136022,0.01046337817638266
2,2,0.35857118776741187,0.19382002601611284,0.3348406527042858,0.430365266595644,0.4261016867269541,0.024813153961136022,0.01046337817638266
2,2,-0.014069160076784727,0.494850021680094,-0.05067035686517574,0.20503420339892217,0.04133861822333434,0.024813153961136022,0.01046337817638266
2,2,-0.18521965277756475,0.7958800173440752,-0.26865097088161705,-0.04678452312528888,-0.16420681553919245,0.024813153961136022,0.01046337817638266
2,3,1.2304150402013934,-1.6123599924395315,1.3245113546016256,1.770239914027412,1.7377847697596442,0.009985052316890881,0.01046337817638266
2,3,1.6188526735880564,-1.3113299967755503,1.4491893780227556,1.3306629935548595,1.46851429369858,0.009985052316890881,0.01046337817638266
2,3,1.32977933415302,-1.0102999566398119,1.3983872709615839,1.244898745453158,1.2699137272747405,0.009985052316890881,0.01046337817638266
2,3,1.3452971390725919,-0.7092699609758307,1.108688270963254,1.2650796414354404,1.3216691088438721,0.009985052316890881,0.01046337817638266
2,3,0.8521620756078413,-0.4082399653118496,0.8794760802013745,1.0737531141984087,1.0201086891255422,0.009985052316890881,0.01046337817638266
2,3,0.6289769298090406,-0.10720996964786837,0.557481018518871,0.7909876114682675,0.8559240722051696,0.009985052316890881,0.01046337817638266
2,3,0.29583462025381063,0.19382002601611284,0.3331217063188311,0.4461675021536035,0.4378770413788647,0.009985052316890881,0.01046337817638266
2,3,-0.019694594309679094,0.494850021680094,0.007241811951839722,0.1556666118915,0.04816767421086538,0.009985052316890881,0.01046337817638266
2,3,-0.31329917178991173,0.7958800173440752,-0.21282426516612793,-0.12477748545225804,-0.10763407596866975,0.009985052316890881,0.01046337817638266
3,1,1.3989956164578217,-1.6123599924395315,2.161553205005737,1.7723844280927923,2.003033648955166,0.007566862361382909,0.013437703848662753
3,1,1.3457000319037513,-1.3113299967755503,1.39247102532313,1.8192774655724986,1.653423413772768,0.007566862361382909,0.013437703848662753
3,1,1.0589433712413787,-1.0102999566398119,1.1155747007450596,1.26796199293801,1.4295760664638282,0.007566862361382909,0.013437703848662753
3,1,0.9376474149432872,-0.7092699609758307,1.1582229459955347,1.0049506163114696,1.193278055774367,0.007566862361382909,0.013437703848662753
3,1,0.5602997941790424,-0.4082399653118496,0.920083515092073,0.7225338928055915,0.9403031327460262,0.007566862361382909,0.013437703848662753
3,1,0.40691814687241595,-0.10720996964786837,0.8102282021643077,0.7707191699676517,0.8103401140830433,0.007566862361382909,0.013437703848662753
3,1,0.08286195702563422,0.19382002601611284,0.3986742638223857,0.6331439098549475,0.4100702491304955,0.007566862361382909,0.013437703848662753
3,1,-0.128810054659049,0.494850021680094,-0.0903074508463136,0.21682786068752122,0.11879085334525027,0.007566862361382909,0.013437703848662753
3,1,-0.40656069858195426,0.7958800173440752,-0.47418736105821807,-0.0328327348464056,-0.11261907123933904,0.007566862361382909,0.013437703848662753
3,2,1.483768971414623,-1.6123599924395315,2.1746094003544116,1.4837540252078893,2.0675663371844024,0.024396607958251795,0.013437703848662753
3,2,1.2476626950883782,-1.3113299967755503,1.7921570433136866,1.1783427418719565,1.687010638539867,0.024396607958251795,0.013437703848662753
3,2,1.4301913199900256,-1.0102999566398119,1.2910421554324052,1.5796379559937996,1.2616810503277969,0.024396607958251795,0.013437703848662753
3,2,0.9235308771251067,-0.7092699609758307,0.6617008864264858,1.3228952464117465,1.328248428095756,0.024396607958251795,0.013437703848662753
3,2,0.6121486993321094,-0.4082399653118496,0.6651308013767017,0.9256804809089176,0.7107518323262744,0.024396607958251795,0.013437703848662753
3,2,0.3830489373259528,-0.10720996964786837,0.5919913134358903,0.8240334348507201,0.7032700374716884,0.024396607958251795,0.013437703848662753
3,2,0.2672684461021098,0.19382002601611284,0.4268396526825014,0.5467673615564732,0.39132081637683835,0.024396607958251795,0.013437703848662753
3,2,-0.17853436688984345,0.494850021680094,0.06263794492395125,0.16286989710010563,0.11298237946691145,0.024396607958251795,0.013437703848662753
3,2,-0.4438987201351762,0.7958800173440752,-0.31695284685005065,-0.11651003090552553,-0.15860183167164787,0.024396607958251795,0.013437703848662753
3,3,1.319112401651521,-1.6123599924395315,1.4179156481641526,1.8365854192188467,1.7668311713946605,0.010697977821265492,0.013437703848662753
3,3,1.539261026097265,-1.3113299967755503,1.5954762857013418,1.7773867603381157,1.778045143494449,0.010697977821265492,0.013437703848662753
3,3,1.0744645142209084,-1.0102999566398119,1.5015778475235135,1.251866075832782,1.3644871157116236,0.010697977821265492,0.013437703848662753
3,3,0.9751987841745153,-0.7092699609758307,1.1915805581935461,1.1764618141882375,1.1375488054368175,0.010697977821265492,0.013437703848662753
3,3,0.8423537065348007,-0.4082399653118496,1.0523418786537049,0.8499529630255367,1.0580928050300475,0.010697977821265492,0.013437703848662753
3,3,0.5677374069943467,-0.10720996964786837,0.6130192716854067,0.7708712123325528,0.7154512170594166,0.010697977821265492,0.013437703848662753
3,3,0.356567474171338,0.19382002601611284,0.33911432298364524,0.5907433558582069,0.40312656775834793,0.010697977821265492,0.013437703848662753
3,3,0.038064491890472625,0.494850021680094,-0.18622259329635182,0.20611067124299,0.030701732640335364,0.010697977821265492,0.013437703848662753
3,3,-0.19073817212354366,0.7958800173440752,-0.37534891353678573,-0.1087382787035182,-0.01535195154404792,0.010697977821265492,0.013437703848662753
4,1,1.7411304730043011,-1.6123599924395315,1.7120244761068228,1.837875320031652,1.7882519948121187,0.03956759753308849,0.02681726838056961
4,1,1.4307057011051532,-1.3113299967755503,1.5743916573572116,1.6484591967754783,1.5850082916614618,0.03956759753308849,0.02681726838056961
4,1,1.4076253735741397,-1.0102999566398119,1.0851748030576136,1.4157728058562056,1.542227181879814,0.03956759753308849,0.02681726838056961
4,1,1.1154305767710861,-0.7092699609758307,1.1796390374907748,1.2176348909559542,1.1681189894648973,0.03956759753308849,0.02681726838056961
4,1,0.7733543552189852,-0.4082399653118496,0.7786864262488478,0.9429671881835346,0.9921794122005572,0.03956759753308849,0.02681726838056961
4,1,0.5100777172214802,-0.10720996964786837,0.5272664909898992,0.7047106968803918,0.6381387172146384,0.03956759753308849,0.02681726838056961
4,1,0.34203375516220397,0.19382002601611284,0.33377266999013316,0.4344434102576969,0.5252947893194378,0.03956759753308849,0.02681726838056961
4,1,0.07711533953390645,0.494850021680094,0.023419126640541625,0.15859664751472077,0.16711888161239216,0.03956759753308849,0.02681726838056961
4,1,-0.12298580874902582,0.7958800173440752,-0.20312824923804,-0.06260805477744681,-0.09293125576444063,0.03956759753308849,0.02681726838056961
4,2,1.7476622198419316,-1.6123599924395315,1.671233879498417,1.8065598138211576,1.584710274069022,0.0469128958492135,0.02681726838056961
4,2,1.384093657928339,-1.3113299967755503,1.5790022039324503,1.4128124143219691,1.487567174517031,0.0469128958492135,0.02681726838056961
4,2,1.1636511892875836,-1.0102999566398119,1.5469659996049023,1.6007820031398565,1.495405158718242,0.0469128958492135,0.02681726838056961
4,2,1.041320411964947,-0.7092699609758307,1.0586985616188054,1.1498794978433644,1.1291128445930232,0.0469128958492135,0.02681726838056961
4,2,0.8040377039044241,-0.4082399653118496,0.7699974623123418,1.024028035122846,0.8299319789650983,0.0469128958492135,0.02681726838056961
4,2,0.5552887550470245,-0.10720996964786837,0.6368483732484407,0.6567801380835663,0.6095542803776416,0.0469128958492135,0.02681726838056961
4,2,0.31588706514430404,0.19382002601611284,0.2559219558358041,0.3132214861794044,0.5776457845191977,0.0469128958492135,0.02681726838056961
4,2,0.04681811736189837,0.494850021680094,-0.02286660527463483,0.19705458749893,0.21911552022615582,0.0469128958492135,0.02681726838056961
4,2,-0.24106043108397238,0.7958800173440752,-0.21336985429557925,-0.09614173711203182,-0.04508688805003938,0.0469128958492135,0.02681726838056961
4,3,1.7984802035789977,-1.6123599924395315,1.4833702525646537,1.5601793783987252,1.7143748919632318,0.013443281823851431,0.02681726838056961
4,3,1.5218701978826694,-1.3113299967755503,1.4645824414987505,1.5568281716885342,1.6115678638434343,0.013443281823851431,0.02681726838056961
4,3,1.3291570632484875,-1.0102999566398119,1.4141784329413103,1.2669181241888336,1.3727171787435524,0.013443281823851431,0.02681726838056961
4,3,1.0623852475709268,-0.7092699609758307,1.1300303433852554,1.3250710660665057,1.363383009531754,0.013443281823851431,0.02681726838056961
4,3,0.7455913255360207,-0.4082399653118496,0.8854566030336735,0.9261133149460478,0.9922037776248527,0.013443281823851431,0.02681726838056961
4,3,0.5270732324795334,-0.10720996964786837,0.5782519953299622,0.7454430373266061,0.5658328580307795,0.013443281823851431,0.02681726838056961
4,3,0.37537118786799073,0.19382002601611284,0.2943692960618382,0.3645459100606048,0.4210258874836314,0.013443281823851431,0.02681726838056961
4,3,0.176089302671265,0.494850021680094,0.03925021477220654,0.15638215483070939,0.1534747645724776,0.013443281823851431,0.02681726838056961
4,3,-0.13189131751403976,0.7958800173440752,-0.213813979039114,-0.05067846600788504,-0.1116940774370034,0.013443281823851431,0.02681726838056961
5,1,0.77579927774437,-1.6123599924395315,1.9129607798483275,1.8209381295643658,1.9380901191090796,0.00134742951907131,0.039386401326699835
5,1,1.3988309594061472,-1.3113299967755503,1.4491431427917252,1.7402066201695818,1.8870596915258193,0.00134742951907131,0.039386401326699835
5,1,1.022120875450576,-1.0102999566398119,1.313559668327399,1.2820906607514544,1.4956470432376077,0.00134742951907131,0.039386401326699835
5,1,0.6610145650586979,-0.7092699609758307,1.4439311597020954,1.2935264239024276,1.3196930942734317,0.00134742951907131,0.039386401326699835
5,1,0.34891485631319735,-0.4082399653118496,1.0302661643950033,1.0004782634928948,0.9608555020064264,0.00134742951907131,0.039386401326699835
5,1,0.3218732845434793,-0.10720996964786837,0.6783858514228335,0.7189681994226147,0.6164341893924481,0.00134742951907131,0.039386401326699835
5,1,-0.01773277075784814,0.19382002601611284,0.14519254500989168,0.40194353996252513,0.26691692140522405,0.00134742951907131,0.039386401326699835
5,1,-0.2958914367546137,0.494850021680094,-0.49779877792813176,0.1642037467478201,0.11533346430871409,0.00134742951907131,0.039386401326699835
5,1,-0.6364287955120264,0.7958800173440752,-0.7027968294857792,-0.06304399462840035,-0.10979816014279131,0.00134742951907131,0.039386401326699835
5,2,1.1294687333425384,-1.6123599924395315,1.6977300095382983,1.4929074733200842,1.7837619998071903,9.328358208955224e-4,0.039386401326699835
5,2,1.2054449937545606,-1.3113299967755503,1.2850633091551755,1.4632952751677322,1.4646412882186972,9.328358208955224e-4,0.039386401326699835
5,2,1.1740943049851305,-1.0102999566398119,1.657398690429408,1.6758285863380866,1.9005089282500256,9.328358208955224e-4,0.039386401326699835
5,2,0.7730724970294611,-0.7092699609758307,1.4893362361408542,1.123656603781387,1.1611729990814912,9.328358208955224e-4,0.039386401326699835
5,2,0.5615075851282275,-0.4082399653118496,0.9421534216232708,0.9340044784516169,0.7517112723978882,9.328358208955224e-4,0.039386401326699835
5,2,0.15437259596595665,-0.10720996964786837,0.5942345108841021,0.7780157207994437,0.5081655879059068,9.328358208955224e-4,0.039386401326699835
5,2,0.032671913900569075,0.19382002601611284,0.06407312045238397,0.4009504979478143,0.2748954767874939,9.328358208955224e-4,0.039386401326699835
5,2,-0.38553854551204103,0.494850021680094,-0.49928632072158213,0.14568362404264712,0.1704922228221965,9.328358208955224e-4,0.039386401326699835
5,2,-0.6761716644816649,0.7958800173440752,-0.6618421989163045,-0.04445661932011161,-0.09856249259351738,9.328358208955224e-4,0.039386401326699835
5,3,0.917471859382386,-1.6123599924395315,1.631726535046197,1.615977012307208,1.880156160495604,5.182421227197347e-4,0.039386401326699835
5,3,1.5145532034883085,-1.3113299967755503,1.6585939284778775,1.5129467329473234,1.5582723110904886,5.182421227197347e-4,0.039386401326699835
5,3,1.0449093245134196,-1.0102999566398119,1.5326884724364136,1.3297011239665737,1.5081379163006976,5.182421227197347e-4,0.039386401326699835
5,3,0.7532184836244974,-0.7092699609758307,1.589284350523535,1.2215795295760614,1.367327319268594,5.182421227197347e-4,0.039386401326699835
5,3,0.5545859393547906,-0.4082399653118496,1.0261778324859683,0.9984927240222201,1.108009270140197,5.182421227197347e-4,0.039386401326699835
5,3,0.08443434909664518,-0.10720996964786837,0.5517808824780847,0.7372674738893081,0.6564029215250399,5.182421227197347e-4,0.039386401326699835
5,3,-0.12052055834994631,0.19382002601611284,0.12468836491781246,0.528594235527646,0.3639879344685961,5.182421227197347e-4,0.039386401326699835
5,3,-0.3187686067377417,0.494850021680094,-0.42502669392520265,0.1839913135659587,0.050973224998639835,5.182421227197347e-4,0.039386401326699835
5,3,-0.6502905949450993,0.7958800173440752,-0.7236180296198061,-0.051376339323074255,-0.1970244380304597,5.182421227197347e-4,0.039386401326699835
6,1,1.825994359652846,-1.6123599924395315,1.8644283872642402,2.14571307760639,2.4023116127978006,0,0
6,1,1.5027281976338958,-1.3113299967755503,1.4395430223389016,1.3574014873064038,1.4696115855754275,0,0
6,1,1.290578613009259,-1.0102999566398119,1.2600148555019166,1.469775241594978,1.2488169502304924,0,0
6,1,1.1191098842521299,-0.7092699609758307,0.7490051524680572,1.2702378347703682,0.8376905756685453,0,0
6,1,0.6148950220502161,-0.4082399653118496,0.675286543447874,1.0390863285984255,0.8542441362543856,0,0
6,1,0.5839400299153445,-0.10720996964786837,0.1411245430614398,0.6508224627113914,0.663100489036195,0,0
6,1,0.3112094201205252,0.19382002601611284,-0.10737745051784782,0.5014065180651449,0.35953970220052117,0,0
6,1,0.12357928841534496,0.494850021680094,-0.3519868945156971,0.185559253645465,0.18043244778999246,0,0
6,1,-0.262622324456633,0.7958800173440752,-0.2802932070761673,-0.17988028466624423,-0.06556352185658793,0,0
6,2,1.6787770179532735,-1.6123599924395315,1.6402932925948561,1.9530142690036323,1.9083722617245606,0,0
6,2,1.417721529969138,-1.3113299967755503,1.2038013647762285,1.7097182777122122,1.3992156182928146,0,0
6,2,1.1783043123815917,-1.0102999566398119,0.9645273521785526,1.2234924500179702,1.1753731392912692,0,0
6,2,1.199957117550674,-0.7092699609758307,0.9446959642484011,1.2378357726652938,1.022822342272873,0,0
6,2,0.8382246124289002,-0.4082399653118496,0.4662465405593707,1.0559998798500512,0.9332704394700327,0,0
6,2,0.4876825543328895,-0.10720996964786837,0.18651065489558405,0.7624155445292432,0.6452479759799333,0,0
6,2,0.3332031502307673,0.19382002601611284,-0.08188964258001478,0.47375391029313574,0.48871760133898884,0,0
6,2,0.052965067864625945,0.494850021680094,-0.41933363729705536,0.09441026787230009,0.16137933630861412,0,0
6,2,-0.29098967469954246,0.7958800173440752,-0.29172497697068794,-0.19479887314157027,0.023891193506986954,0,0
6,3,1.4796408534786227,-1.6123599924395315,1.4529418979838584,1.5043862452792889,1.933261014113644,0,0
6,3,1.4193812787975078,-1.3113299967755503,1.4743604813306328,1.803977427821595,1.7441044284347953,0,0
6,3,1.3704943327981773,-1.0102999566398119,1.1594582324983713,1.4448707599253032,1.095414179039977,0,0
6,3,1.0905086289169381,-0.7092699609758307,1.0915158435127488,1.098880054838529,1.0645608533605162,0,0
6,3,0.9033091804555883,-0.4082399653118496,0.5585938647931545,0.9859548878991096,0.7994779193145298,0,0
6,3,0.5217285984751855,-0.10720996964786837,0.13757800570322495,0.7735723400895622,0.6550077066862107,0,0
6,3,0.35440804512984336,0.19382002601611284,-0.13882056392086622,0.5287194919793022,0.33417355157127293,0,0
6,3,0.05949346217897932,0.494850021680094,-0.4386508733655731,0.20215656215456665,0.17183432062752502,0,0
6,3,-0.350379224776221,0.7958800173440752,-0.3845039578316676,-0.1586051969174356,-0.04190594656421963,0,0
7,1,0.9771334649097303,-1.6123599924395315,1.5465858258168996,2.2612840811356905,2.1134881301410786,0.0013246982631733883,0.052840741831027375
7,1,1.0226082472981965,-1.3113299967755503,1.7317777555910798,1.2585410790605396,1.444024051252325,0.0013246982631733883,0.052840741831027375
7,1,0.22616845629767343,-1.0102999566398119,1.357096859449834,1.142817628667061,0.8546406568601352,0.0013246982631733883,0.052840741831027375
7,1,0.4944537041596473,-0.7092699609758307,1.215193905659153,1.1243725618299505,1.2934844833312669,0.0013246982631733883,0.052840741831027375
7,1,0.39699566508482625,-0.4082399653118496,0.9564427896511697,0.7589167408989189,0.9236744910279149,0.0013246982631733883,0.052840741831027375
7,1,0.24578419143665295,-0.10720996964786837,0.6082358533414169,0.6769942250733098,0.6731415055121222,0.0013246982631733883,0.052840741831027375
7,1,0.009049018545866174,0.19382002601611284,0.13123021490438255,0.35557615737008175,0.32922417781065344,0.0013246982631733883,0.052840741831027375
7,1,-0.17790782938763897,0.494850021680094,-0.31811291980983236,0.19049398945876173,0.2460796293705713,0.0013246982631733883,0.052840741831027375
7,1,-0.3421221149182994,0.7958800173440752,-0.41317830194360144,-0.020567415767782937,-0.09611371563547753,0.0013246982631733883,0.052840741831027375
7,2,1.018511775313441,-1.6123599924395315,1.681486575795277,1.9680490744779382,1.5560148104280394,0.0010303208713570797,0.052840741831027375
7,2,0.7856384337980108,-1.3113299967755503,1.8854411267763227,2.1519749416999536,2.052687863469854,0.0010303208713570797,0.052840741831027375
7,2,1.0014631269014664,-1.0102999566398119,1.3836788665951456,1.4704719938856015,1.3129525454036943,0.0010303208713570797,0.052840741831027375
7,2,0.8837701577177909,-0.7092699609758307,1.1472566658595398,0.9921070684464491,0.6827079195862654,0.0010303208713570797,0.052840741831027375
7,2,0.48029288177073226,-0.4082399653118496,0.8454989507077,0.8945729637224297,0.8461441048142678,0.0010303208713570797,0.052840741831027375
7,2,0.17870387814571012,-0.10720996964786837,0.5578448677626778,0.5782342414178366,0.5816496240661967,0.0010303208713570797,0.052840741831027375
7,2,-0.09324989180036468,0.19382002601611284,0.18914368244414242,0.3359238805271036,0.42861563195020486,0.0010303208713570797,0.052840741831027375
7,2,-0.2500277843622133,0.494850021680094,-0.19320163930936926,0.0971888405366391,0.10700724060554155,0.0010303208713570797,0.052840741831027375
7,2,-0.5080513163519854,0.7958800173440752,-0.3437949466348327,-0.15610690438589506,-0.038996097787592755,0.0010303208713570797,0.052840741831027375
7,3,0.6776092021319845,-1.6123599924395315,2.048544415457234,2.0757251121028606,2.062345769587296,2.9437739181630853e-4,0.052840741831027375
7,3,0.8417746458327198,-1.3113299967755503,1.5405601776047644,1.914395153098995,1.0370077773978936,2.9437739181630853e-4,0.052840741831027375
7,3,0.6508355679754588,-1.0102999566398119,0.9905314104492693,1.1323883522502396,1.0114146402585968,2.9437739181630853e-4,0.052840741831027375
7,3,0.7170196670339036,-0.7092699609758307,1.3308814326011396,0.9973606017381542,1.0130493770651399,2.9437739181630853e-4,0.052840741831027375
7,3,0.5858689723783681,-0.4082399653118496,0.7951082116845472,0.9244017059347063,0.8899686803010528,2.9437739181630853e-4,0.052840741831027375
7,3,0.20214636796094962,-0.10720996964786837,0.5045939201522757,0.6837328542423088,0.6685313321920734,2.9437739181630853e-4,0.052840741831027375
7,3,0.15425921963982983,0.19382002601611284,0.10791875864022285,0.4490398954484232,0.3436624951378195,2.9437739181630853e-4,0.052840741831027375
7,3,-0.34549025111680376,0.494850021680094,-0.26628362393256644,0.12093198709244246,0.17737317124153734,2.9437739181630853e-4,0.052840741831027375
7,3,-0.6314179953429471,0.7958800173440752,-0.44820582291534533,-0.14015954177979598,-0.04329978802967904,2.9437739181630853e-4,0.052840741831027375
8,1,1.488894966435077,-1.6123599924395315,1.6968691208559394,1.7812890746670051,1.797504840565475,0.0033731188375713543,0.0908147379346134
8,1,1.5456858007481484,-1.3113299967755503,1.2566003917422277,1.8733130047378797,1.6605789168694578,0.0033731188375713543,0.0908147379346134
8,1,1.4995140842331258,-1.0102999566398119,1.3497420853237365,1.41968368405636,1.4444845390952286,0.0033731188375713543,0.0908147379346134
8,1,1.234273377309956,-0.7092699609758307,1.2475100955672764,1.1457442550177135,1.2545376655927387,0.0033731188375713543,0.0908147379346134
8,1,0.8360393664044938,-0.4082399653118496,0.7758933792513916,0.908947507363681,1.045006442638499,0.0033731188375713543,0.0908147379346134
8,1,0.15465235392295487,-0.10720996964786837,0.5740169716857169,0.5931702331111827,0.7064182261755819,0.0033731188375713543,0.0908147379346134
8,1,0.24141768365504748,0.19382002601611284,0.30903207812956485,0.5405793660503444,0.4894576522411709,0.0033731188375713543,0.0908147379346134
8,1,-0.3659740248789485,0.494850021680094,0.09856740524053907,0.11869329943828397,0.2207000882267397,0.0033731188375713543,0.0908147379346134
8,1,-0.6560286406065853,0.7958800173440752,-0.34431511501614753,-0.08688106651691466,-0.10804051991900415,0.0033731188375713543,0.0908147379346134
8,2,1.5943939471226796,-1.6123599924395315,1.90656402818025,2.396078934380603,2.066224861919885,0.004929942916450441,0.0908147379346134
8,2,1.3576992821201286,-1.3113299967755503,1.743944533860506,1.6976251114933838,1.6906838598171097,0.004929942916450441,0.0908147379346134
8,2,1.3149245242407652,-1.0102999566398119,1.2484740043764273,1.0907468956972453,1.4508735134133293,0.004929942916450441,0.0908147379346134
8,2,1.096094538230843,-0.7092699609758307,1.1058185127558255,0.8152760708138465,0.9892228913724932,0.004929942916450441,0.0908147379346134
8,2,0.9878458327358552,-0.4082399653118496,0.6002133398147674,0.7936929686858618,0.9792844417270767,0.004929942916450441,0.0908147379346134
8,2,0.41950311575214144,-0.10720996964786837,0.5002308185412874,0.6301198622693278,0.8188293717929048,0.004929942916450441,0.0908147379346134
8,2,0.13147869635526524,0.19382002601611284,0.283035561954193,0.32898089831729693,0.4756971976033744,0.004929942916450441,0.0908147379346134
8,2,-0.2096240610389949,0.494850021680094,-0.016133371977486727,0.22126388012947576,0.05523182808917548,0.004929942916450441,0.0908147379346134
8,2,-0.5984871566366888,0.7958800173440752,-0.20553022409187333,-0.08128367025134085,-0.13575145307998002,0.004929942916450441,0.0908147379346134
8,3,1.6686684935517002,-1.6123599924395315,1.4878431063997328,1.7438346483408478,1.494609993524891,0.0010378827192527244,0.0908147379346134
8,3,1.4441271140023033,-1.3113299967755503,1.77581055635018,1.5165126889935285,1.8293069682019403,0.0010378827192527244,0.0908147379346134
8,3,1.3721181225490737,-1.0102999566398119,1.6815202244280854,1.699240721072687,1.446411023968065,0.0010378827192527244,0.0908147379346134
8,3,1.1672183542860621,-0.7092699609758307,1.2322080764929948,1.2074126662701963,1.2987001046786488,0.0010378827192527244,0.0908147379346134
8,3,0.9440466355609203,-0.4082399653118496,0.6516919128731317,0.8843727208100707,1.013071363639381,0.0010378827192527244,0.0908147379346134
8,3,0.5000021037795653,-0.10720996964786837,0.5176247363214611,0.6834030894450842,0.7990767396656225,0.0010378827192527244,0.0908147379346134
8,3,0.11143763490016458,0.19382002601611284,0.39104248251769635,0.3849846153518719,0.39070194053471474,0.0010378827192527244,0.0908147379346134
8,3,-0.30318527448221994,0.494850021680094,-0.18633021182582413,0.12509293073032543,0.20488539983030277,0.0010378827192527244,0.0908147379346134
8,3,-0.6331267566646417,0.7958800173440752,-0.4166524216708599,-0.039717719845976274,-0.2056773998584222,0.0010378827192527244,0.0908147379346134
9,1,1.212011507385203,-1.6123599924395315,1.9581825166894822,1.807654580194765,1.8721647175832903,0.01732086406743941,0.008232349841938883
9,1,1.1999423190278635,-1.3113299967755503,1.5837154764133416,1.633800292347802,1.6120409937139069,0.01732086406743941,0.008232349841938883
9,1,1.0932117907606438,-1.0102999566398119,1.4496595305032633,1.185352626127542,1.2355644792115956,0.01732086406743941,0.008232349841938883
9,1,0.9863564484554399,-0.7092699609758307,1.2401916968851652,0.9691497950289858,0.9878243483537983,0.01732086406743941,0.008232349841938883
9,1,0.5830729452403349,-0.4082399653118496,0.883308032955317,0.8431048444158852,0.940387649438352,0.01732086406743941,0.008232349841938883
9,1,0.36803378465036485,-0.10720996964786837,0.6953854785079145,0.7281651073857881,0.8375688880898243,0.01732086406743941,0.008232349841938883
9,1,0.16299098595354145,0.19382002601611284,0.33691006610638374,0.5374714863561295,0.5339059460765138,0.01732086406743941,0.008232349841938883
9,1,-0.2904797183364743,0.494850021680094,-0.1620744930555033,0.25281902919754323,0.1814084153595799,0.01732086406743941,0.008232349841938883
9,1,-0.6376018453448352,0.7958800173440752,-0.586657649104712,-0.08525626512369214,-0.11189297926608605,0.01732086406743941,0.008232349841938883
9,2,1.3305017510890869,-1.6123599924395315,1.9999640331067863,2.0245296966870936,1.6483283869038572,0.04017386722866175,0.008232349841938883
9,2,1.178660226191172,-1.3113299967755503,1.6798606504086906,1.5602674221884054,1.4128574916624992,0.04017386722866175,0.008232349841938883
9,2,1.196040077742951,-1.0102999566398119,1.4568602819211112,1.1143587015566463,1.168634452761559,0.04017386722866175,0.008232349841938883
9,2,0.9224548823246069,-0.7092699609758307,1.0762428405351947,1.0589215194792672,0.9993840322622034,0.04017386722866175,0.008232349841938883
9,2,0.7549305482174913,-0.4082399653118496,0.8528057170208353,0.8448702063485878,0.9164630031372913,0.04017386722866175,0.008232349841938883
9,2,0.3949106532037268,-0.10720996964786837,0.6259902746157262,0.6531850862231859,0.8045357070760828,0.04017386722866175,0.008232349841938883
9,2,0.14995557131085477,0.19382002601611284,0.4059810995465791,0.47203473078587804,0.5689259258779227,0.04017386722866175,0.008232349841938883
9,2,-0.21348629574711936,0.494850021680094,-8.253114358922377e-4,0.238783701368917,0.19885974734916154,0.04017386722866175,0.008232349841938883
9,2,-0.5832463535852762,0.7958800173440752,-0.533036106044383,-0.11087633784550294,-0.08996379987937542,0.04017386722866175,0.008232349841938883
9,3,1.2528215704052814,-1.6123599924395315,1.874741173274721,1.7402619899292304,1.712150601670912,0.013501053740779768,0.008232349841938883
9,3,1.487374313715347,-1.3113299967755503,1.631239045916309,1.4168579231613054,1.3520814079192174,0.013501053740779768,0.008232349841938883
9,3,1.2541608484268263,-1.0102999566398119,1.5707578201573138,0.8918641586167676,0.9965193032691678,0.013501053740779768,0.008232349841938883
9,3,0.9616220101304602,-0.7092699609758307,1.072569054954552,0.9040262394420752,0.9211842854209037,0.013501053740779768,0.008232349841938883
9,3,0.7556364017997264,-0.4082399653118496,0.8434302286373846,0.8133597857954707,0.9598312390442937,0.013501053740779768,0.008232349841938883
9,3,0.3305117798007683,-0.10720996964786837,0.5624217181071165,0.6298096420172968,0.7504324614812484,0.013501053740779768,0.008232349841938883
9,3,0.1406297311719488,0.19382002601611284,0.2230024116701144,0.5152128097647145,0.5479845032866086,0.013501053740779768,0.008232349841938883
9,3,-0.4280593859712908,0.494850021680094,-0.08555878538644192,0.28371211073535696,0.1771853194943741,0.013501053740779768,0.008232349841938883
9,3,-0.6929529529382796,0.7958800173440752,-0.4046137415765104,-0.06699492809099918,-0.06257714800673557,0.013501053740779768,0.008232349841938883
10,1,1.5164761500348003,-1.6123599924395315,1.4412657780388358,2.424140337256257,2.2673814160575634,0.0049813200498132005,0.10107928601079286
10,1,1.1039774952423211,-1.3113299967755503,1.7540894007497183,1.715838606475597,1.4006996575803743,0.0049813200498132005,0.10107928601079286
10,1,0.9629897605514482,-1.0102999566398119,1.319801182171614,1.3200048217879843,1.1157723730046198,0.0049813200498132005,0.10107928601079286
10,1,1.131152762242774,-0.7092699609758307,1.2831148899312081,0.8919840774791702,0.9406488692260317,0.0049813200498132005,0.10107928601079286
10,1,0.9117282862048307,-0.4082399653118496,1.0460669853726539,0.6958096316621223,0.9308460499877764,0.0049813200498132005,0.10107928601079286
10,1,0.5371117996223801,-0.10720996964786837,0.6653820036687549,0.6393353848807852,0.6952736183988417,0.0049813200498132005,0.10107928601079286
10,1,0.30205579665324,0.19382002601611284,0.11935426149077148,0.4412194015121399,0.5813989716913617,0.0049813200498132005,0.10107928601079286
10,1,-0.1958132958147518,0.494850021680094,-0.17978425614937601,0.1861090661950631,0.12681607351620006,0.0049813200498132005,0.10107928601079286
10,1,-0.19836005475886595,0.7958800173440752,-0.5330941103986195,-0.1228856156022888,-0.0434448499294593,0.0049813200498132005,0.10107928601079286
10,2,1.2545123302240455,-1.6123599924395315,1.6534877071365242,1.7720907690607817,1.7132150362513652,4.1511000415110004e-4,0.10107928601079286
10,2,1.1578483500528227,-1.3113299967755503,1.449788178936626,1.6445786063558507,1.8115416480974034,4.1511000415110004e-4,0.10107928601079286
10,2,1.1648467360178332,-1.0102999566398119,1.475370273168726,1.1457397183473392,1.4295970579734354,4.1511000415110004e-4,0.10107928601079286
10,2,0.8338241784387662,-0.7092699609758307,1.1759521501116874,0.7740205419525013,0.9415487253622856,4.1511000415110004e-4,0.10107928601079286
10,2,0.7069465200232462,-0.4082399653118496,0.9145197328916084,0.905051331143338,0.6035928173988924,4.1511000415110004e-4,0.10107928601079286
10,2,0.40073313311897885,-0.10720996964786837,0.6006985804965828,0.6838086301506869,0.7278633196116427,4.1511000415110004e-4,0.10107928601079286
10,2,0.04909924166853403,0.19382002601611284,0.27933934695074486,0.45432773732416126,0.5100587834825377,4.1511000415110004e-4,0.10107928601079286
10,2,-0.22874623238954847,0.494850021680094,-0.11100058694730677,0.1438682312762475,0.22106564000599022,4.1511000415110004e-4,0.10107928601079286
10,2,-0.07174918278068909,0.7958800173440752,-0.4424219301176081,-0.12496876593223613,-0.08691147959435491,4.1511000415110004e-4,0.10107928601079286
10,3,1.4659051331303448,-1.6123599924395315,1.4323876800018456,1.7599895966260681,2.128077465997406,0,0.10107928601079286
10,3,1.7411988335867605,-1.3113299967755503,1.584072706529907,1.9260144298059927,1.8507170481625064,0,0.10107928601079286
10,3,1.2634355381917197,-1.0102999566398119,1.426987213972338,1.0300187752236099,1.2282115641635987,0,0.10107928601079286
10,3,1.2309924436789352,-0.7092699609758307,1.1021514361615787,0.9949704558443563,1.0618365814229176,0,0.10107928601079286
10,3,0.7795663728673475,-0.4082399653118496,1.043380634202915,0.8882144004402368,0.9362755408226665,0,0.10107928601079286
10,3,0.5029383557668405,-0.10720996964786837,0.6040356471529229,0.6834479987312827,0.5910823834705925,0,0.10107928601079286
10,3,0.11201727461910206,0.19382002601611284,0.24620822663739134,0.43479260786749496,0.4575771653009609,0,0.10107928601079286
10,3,-0.32312233650288597,0.494850021680094,-0.10663727749666878,0.2217817955883598,0.14657580004408696,0,0.10107928601079286
10,3,-0.3202891134988223,0.7958800173440752,-0.5413248267327576,-0.07486952062828851,-0.0878881036819357,0,0.10107928601079286
11,1,1.5335421950115824,-1.6123599924395315,1.7000577684388445,1.8812764993311295,1.8222202491973805,1.743071291615827e-4,0.015164720237057696
11,1,0.9493909349114701,-1.3113299967755503,1.4980655213121237,1.8038366030644337,1.5505081732738664,1.743071291615827e-4,0.015164720237057696
11,1,1.0599059582623913,-1.0102999566398119,1.5034898703154609,1.2739163001091744,1.3597505887336931,1.743071291615827e-4,0.015164720237057696
11,1,0.9569916595391478,-0.7092699609758307,1.4396133801054996,1.0047019341794088,0.9663708853844974,1.743071291615827e-4,0.015164720237057696
11,1,0.743151009599691,-0.4082399653118496,0.9983995545820866,0.8733647326829435,0.9094324979088814,1.743071291615827e-4,0.015164720237057696
11,1,0.5808655696918366,-0.10720996964786837,0.5758571793466647,0.6016336433450516,0.7216830997020997,1.743071291615827e-4,0.015164720237057696
11,1,0.28494407996409044,0.19382002601611284,0.09755259461107839,0.5142618271225498,0.46459772391662996,1.743071291615827e-4,0.015164720237057696
11,1,0.173669545668454,0.494850021680094,-0.03061363685835239,0.2561125180600636,0.19975807204724041,1.743071291615827e-4,0.015164720237057696
11,1,-0.06048849462059773,0.7958800173440752,-0.43058119536726935,-0.08685843882648452,-0.11060238838456071,1.743071291615827e-4,0.015164720237057696
11,2,1.3301993724457588,-1.6123599924395315,1.3625013844797749,1.4072933715980513,1.4377047374227112,1.743071291615827e-4,0.015164720237057696
11,2,1.1020445326376542,-1.3113299967755503,1.686570882987736,1.759257876428097,1.2333439453611732,1.743071291615827e-4,0.015164720237057696
11,2,0.7087358080619114,-1.0102999566398119,1.3944649541960887,1.1626625410703768,1.1917241813950779,1.743071291615827e-4,0.015164720237057696
11,2,1.0966502481854208,-0.7092699609758307,1.295881169758416,1.1788524075907068,1.3061556092068818,1.743071291615827e-4,0.015164720237057696
11,2,0.7631665511083939,-0.4082399653118496,0.9499420449946062,0.9750778139882651,0.9141977719862409,1.743071291615827e-4,0.015164720237057696
11,2,0.5440593573650191,-0.10720996964786837,0.7197943819295342,0.7587760749313067,0.8018445734465197,1.743071291615827e-4,0.015164720237057696
11,2,0.3082357094028057,0.19382002601611284,0.18046807410516075,0.4881656457912919,0.4361812963173088,1.743071291615827e-4,0.015164720237057696
11,2,0.1600474743909092,0.494850021680094,-0.1836439007582469,0.2244304561884089,0.2046541590444035,1.743071291615827e-4,0.015164720237057696
11,2,-0.05128558276556132,0.7958800173440752,-0.4628539676726005,-0.10044820173176841,-0.1911668001632021,1.743071291615827e-4,0.015164720237057696
11,3,1.6251794875275074,-1.6123599924395315,1.391640301298607,1.6229469095862923,1.7039435696365148,0,0.015164720237057696
11,3,1.2421621538200431,-1.3113299967755503,1.6702768717175638,2.0010815436041605,1.8487938419560326,0,0.015164720237057696
11,3,1.3101044611619956,-1.0102999566398119,1.7258038503996522,1.4379200846134905,1.1280694902957273,0,0.015164720237057696
11,3,0.9730666823095577,-0.7092699609758307,1.29599540558156,0.990690118056378,0.9703073528708374,0,0.015164720237057696
11,3,0.8208825552611698,-0.4082399653118496,0.9438550630364552,1.046259719039644,0.9906332838270343,0,0.015164720237057696
11,3,0.37750626661809067,-0.10720996964786837,0.5088194956559204,0.7200820956627219,0.8033074308298946,0,0.015164720237057696
11,3,0.3462216289363032,0.19382002601611284,0.26086778221884727,0.4391509200632197,0.46093518979581155,0,0.015164720237057696
11,3,0.18502329060500647,0.494850021680094,-0.2895663460321824,0.025773511414075332,0.18669497724215645,0,0.015164720237057696
11,3,-0.05329154521618345,0.7958800173440752,-0.46254357184292366,-0.12515174921435962,-0.12341018239948724,0,0.015164720237057696
12,1,1.666592955626761,-1.6123599924395315,1.3180076029468595,1.740375494477862,1.9527250028214522,0.007024586051179127,0.07626693426994481
12,1,1.4206245602779268,-1.3113299967755503,1.2277839966884756,1.4654019654343982,1.4057077065114083,0.007024586051179127,0.07626693426994481
12,1,1.6112857087353831,-1.0102999566398119,0.8464919336099758,1.2086540392473373,1.087970902809621,0.007024586051179127,0.07626693426994481
12,1,1.3169843102123624,-0.7092699609758307,1.0696371899472221,0.9794334285991055,1.015765446729177,0.007024586051179127,0.07626693426994481
12,1,1.0550859218779292,-0.4082399653118496,0.5850795975705754,0.91322369370075,1.0153088084756683,0.007024586051179127,0.07626693426994481
12,1,0.5933473048613152,-0.10720996964786837,0.3189572677290818,0.8099420780759844,0.6621213821768662,0.007024586051179127,0.07626693426994481
12,1,0.30331700567508374,0.19382002601611284,0.08235191142143604,0.5485962819606304,0.5210045473602771,0.007024586051179127,0.07626693426994481
12,1,-0.196320905742653,0.494850021680094,-0.19292762304419953,0.23150630577875542,0.18541003836000322,0.007024586051179127,0.07626693426994481
12,1,-0.44233403609898125,0.7958800173440752,-0.37388024040519435,-0.12434221377005535,-0.2059177801700291,0.007024586051179127,0.07626693426994481
12,2,1.6540589034691284,-1.6123599924395315,1.7241950435152338,1.6716158045592913,2.0291672531060665,0.008529854490717512,0.07626693426994481
12,2,1.1303537928648053,-1.3113299967755503,1.305784869868924,1.373529665827173,1.470962490585918,0.008529854490717512,0.07626693426994481
12,2,1.3386700978732942,-1.0102999566398119,1.2101898752771236,1.1722097511061846,0.9558987569746438,0.008529854490717512,0.07626693426994481
12,2,1.3821747006135219,-0.7092699609758307,0.9534594608196887,1.3877475158171533,1.0592822189181526,0.008529854490717512,0.07626693426994481
12,2,0.9591535058769732,-0.4082399653118496,0.8792569389093983,0.9568366952225795,1.0284434653816523,0.008529854490717512,0.07626693426994481
12,2,0.5723284951171868,-0.10720996964786837,0.3494127853499131,0.8535883321348768,0.8284976378192008,0.008529854490717512,0.07626693426994481
12,2,0.1643221960596517,0.19382002601611284,0.25211415475404814,0.5728495764521581,0.3979936732364925,0.008529854490717512,0.07626693426994481
12,2,-0.06572788282153423,0.494850021680094,-0.07574485156634372,0.19559379969368831,0.19415241431734556,0.008529854490717512,0.07626693426994481
12,2,-0.33295122256132803,0.7958800173440752,-0.6136351010423567,-0.21054011414622317,-0.1917424817742775,0.008529854490717512,0.07626693426994481
12,3,1.327596429181471,-1.6123599924395315,1.1822708015820047,1.8784991267283726,1.9144371610712223,0.00288509784244857,0.07626693426994481
12,3,1.6756829698281488,-1.3113299967755503,1.4751806866850663,1.775038414502579,1.912002435771514,0.00288509784244857,0.07626693426994481
12,3,1.5042082357013673,-1.0102999566398119,1.516242338811443,0.8416150042684517,1.0310368050515828,0.00288509784244857,0.07626693426994481
12,3,1.2984476119423018,-0.7092699609758307,1.1787372387056325,1.0095054569805881,1.164165544410294,0.00288509784244857,0.07626693426994481
12,3,0.944397547376327,-0.4082399653118496,0.8497278648905433,0.9070495490557788,0.9264450720192453,0.00288509784244857,0.07626693426994481
12,3,0.8136411792071458,-0.10720996964786837,0.4817647206917562,0.6930435563894871,0.7352112181966081,0.00288509784244857,0.07626693426994481
12,3,0.25105515759554786,0.19382002601611284,0.3218163646316899,0.5732538505191324,0.5489364627164642,0.00288509784244857,0.07626693426994481
12,3,-0.12941611896445931,0.494850021680094,-0.14017190500164153,0.24078431680969797,0.0538093219187683,0.00288509784244857,0.07626693426994481
12,3,-0.4523440855532311,0.7958800173440752,-0.4843193539418632,-0.09092263903945859,-0.25507231482765025,0.00288509784244857,0.07626693426994481
13,1,1.6094633687094058,-1.6123599924395315,1.918287072306266,1.5595024085592322,1.4599210436945544,0.009100998890122086,0.0057713651498335185
13,1,1.419576100041282,-1.3113299967755503,1.4450636128491277,1.2983653509912472,1.3483064079320932,0.009100998890122086,0.0057713651498335185
13,1,1.4703745714729235,-1.0102999566398119,1.3637650165349329,1.5225729216837929,1.2267746880882524,0.009100998890122086,0.0057713651498335185
13,1,1.1295260672014737,-0.7092699609758307,1.2259715995248417,1.2659607512237654,1.1871852370503397,0.009100998890122086,0.0057713651498335185
13,1,0.9967370480533079,-0.4082399653118496,0.8370665503947461,1.08913515498945,1.056562423342724,0.009100998890122086,0.0057713651498335185
13,1,0.7014750321567558,-0.10720996964786837,0.5446534415336232,0.7985081986939939,0.8092186773660273,0.009100998890122086,0.0057713651498335185
13,1,0.4096610805974814,0.19382002601611284,0.22150262246275645,0.4233206340227359,0.5199951923906861,0.009100998890122086,0.0057713651498335185
13,1,0.05734422882549341,0.494850021680094,-0.09178363971731082,0.16840181705798657,0.23577412040310017,0.009100998890122086,0.0057713651498335185
13,1,-0.23829876012031495,0.7958800173440752,-0.29625401101824983,-0.1642773599103786,-0.14972425287460617,0.009100998890122086,0.0057713651498335185
13,2,1.7656459829250464,-1.6123599924395315,2.0687352085327446,2.0568685022853694,2.0921864923761593,0.005475397706252313,0.0057713651498335185
13,2,1.5095242174450993,-1.3113299967755503,1.428842718299881,1.4978995744360373,1.153986543053085,0.005475397706252313,0.0057713651498335185
13,2,1.4425754919884106,-1.0102999566398119,1.3075518368442571,1.232151571582021,0.9885923398993501,0.005475397706252313,0.0057713651498335185
13,2,1.204292256294007,-0.7092699609758307,1.1834665289359527,1.1287947847589208,1.1309419707103232,0.005475397706252313,0.0057713651498335185
13,2,1.015767471426138,-0.4082399653118496,0.7773001194210027,0.8972469722073134,0.915317089111636,0.005475397706252313,0.0057713651498335185
13,2,0.5934028905152872,-0.10720996964786837,0.5135803590494484,0.6375440330919828,0.7609617133933881,0.005475397706252313,0.0057713651498335185
13,2,0.3234043323674842,0.19382002601611284,0.21168439107080345,0.3748124066939841,0.40714196725461027,0.005475397706252313,0.0057713651498335185
13,2,-0.020883616674953698,0.494850021680094,-0.06035667875156503,0.20931778018983538,0.1886482294151107,0.005475397706252313,0.0057713651498335185
13,2,-0.28465348127706375,0.7958800173440752,-0.24499066391297292,-0.03362185108132321,-0.1316931866220042,0.005475397706252313,0.0057713651498335185
13,3,1.7109655738910579,-1.6123599924395315,1.8259797730902667,1.9563287961098152,1.7671445272568844,0.0017758046614872365,0.0057713651498335185
13,3,1.4553036544690199,-1.3113299967755503,1.6175903602862947,1.4639360913473765,1.681452859041416,0.0017758046614872365,0.0057713651498335185
13,3,1.5649564972334435,-1.0102999566398119,1.4131772804165306,1.289311900226724,1.3592182863000843,0.0017758046614872365,0.0057713651498335185
13,3,1.2378355539497714,-0.7092699609758307,1.2085632109092534,1.1674547627537717,1.2744087008954608,0.0017758046614872365,0.0057713651498335185
13,3,0.9814649868862475,-0.4082399653118496,0.9145845229599385,1.014744273151278,0.9475438032057352,0.0017758046614872365,0.0057713651498335185
13,3,0.5722930746018494,-0.10720996964786837,0.7068939472276581,0.7054938637689567,0.6995017986198191,0.0017758046614872365,0.0057713651498335185
13,3,0.38594136111236105,0.19382002601611284,0.2283559403238456,0.45294113094094046,0.4695582592015944,0.0017758046614872365,0.0057713651498335185
13,3,0.06470939741616,0.494850021680094,-0.0991604107333408,0.20358917821715666,0.21361739684770162,0.0017758046614872365,0.0057713651498335185
13,3,-0.2972811506555135,0.7958800173440752,-0.31700375006665554,-0.037607610550724285,-0.15538989321624858,0.0017758046614872365,0.0057713651498335185
14,1,1.613652308307036,-1.6123599924395315,2.214222661880557,1.59315787989172,2.3282887417953395,0.013306451612903225,0.020887096774193547
14,1,1.7278065733878423,-1.3113299967755503,1.4015789542216794,1.7395619450590982,1.5713052095572086,0.013306451612903225,0.020887096774193547
14,1,1.6583659940981994,-1.0102999566398119,1.3089237377751828,1.4733187304342168,1.585739938244484,0.013306451612903225,0.020887096774193547
14,1,1.1834103323396101,-0.7092699609758307,1.2102176241082447,1.2428440838294428,1.2396091315970503,0.013306451612903225,0.020887096774193547
14,1,0.9179434687857942,-0.4082399653118496,0.8082552322368597,1.017177732424111,0.9788866431185442,0.013306451612903225,0.020887096774193547
14,1,0.6008966128501582,-0.10720996964786837,0.556277353910491,0.6986683901546952,0.6762027143531963,0.013306451612903225,0.020887096774193547
14,1,0.3236768680179879,0.19382002601611284,0.2665165068480922,0.4395504110598898,0.2521924261472492,0.013306451612903225,0.020887096774193547
14,1,-0.18792617989501786,0.494850021680094,-0.10156698475193461,0.09645249974701427,-0.00232607775360856,0.013306451612903225,0.020887096774193547
14,1,-0.5979484069436725,0.7958800173440752,-0.42051778297255277,-0.01847993126186744,-0.15511669291343977,0.013306451612903225,0.020887096774193547
14,2,1.890361737899811,-1.6123599924395315,1.203101827324185,1.8142027374582912,1.9192576832064907,0.013064516129032259,0.020887096774193547
14,2,1.7998995186377738,-1.3113299967755503,1.1795376894422138,1.5922304890939218,1.7671732316679922,0.013064516129032259,0.020887096774193547
14,2,1.460843642612825,-1.0102999566398119,1.212450837851497,1.5364597039992898,1.5005590097903612,0.013064516129032259,0.020887096774193547
14,2,1.270053774849026,-0.7092699609758307,1.0252434021459513,1.1768835984121964,1.1930061075409462,0.013064516129032259,0.020887096774193547
14,2,0.9273721120143301,-0.4082399653118496,0.43437789324114195,0.9625500352191383,0.8354877874757846,0.013064516129032259,0.020887096774193547
14,2,0.6032845801318614,-0.10720996964786837,0.3410303237278614,0.7577235680106446,0.5458367987176631,0.013064516129032259,0.020887096774193547
14,2,0.19755943605065565,0.19382002601611284,0.12597937600265935,0.44968779484949195,0.3278768348598891,0.013064516129032259,0.020887096774193547
14,2,-0.1917571984456027,0.494850021680094,-0.280324866179283,0.11538783103434333,0.10286627268379686,0.013064516129032259,0.020887096774193547
14,2,-0.6407087870130219,0.7958800173440752,-0.577200545098993,-0.14455769387037187,-0.125578796016227,0.013064516129032259,0.020887096774193547
14,3,2.2819508269597266,-1.6123599924395315,1.5434653504026115,1.6784250140781383,2.0436861814797793,0.00467741935483871,0.020887096774193547
14,3,1.8737710128249565,-1.3113299967755503,1.4394731359055266,1.365159958258268,1.9203613887082729,0.00467741935483871,0.020887096774193547
14,3,1.1079134886685893,-1.0102999566398119,1.1140692454341763,1.2071360564547202,1.6027373800971616,0.00467741935483871,0.020887096774193547
14,3,1.0379911282349568,-0.7092699609758307,0.7774052937602406,1.118003595078443,0.987406985287596,0.00467741935483871,0.020887096774193547
14,3,0.5727757187394106,-0.4082399653118496,0.5738661592210054,0.9395062727178095,0.9299674442376447,0.00467741935483871,0.020887096774193547
14,3,0.3244428194396025,-0.10720996964786837,0.28711574608107565,0.7989937270785786,0.6724443962919987,0.00467741935483871,0.020887096774193547
14,3,0.14104449643754402,0.19382002601611284,0.06328184123644957,0.48782199390767694,0.32470597994578193,0.00467741935483871,0.020887096774193547
14,3,-0.1794194081185461,0.494850021680094,-0.26536204621474724,0.21096364847414623,0.015131990141936034,0.00467741935483871,0.020887096774193547
14,3,-0.36958576090280676,0.7958800173440752,-0.6122386793358233,-0.01717787140679063,-0.15009835358921866,0.00467741935483871,0.020887096774193547
15,1,1.5277230923373277,-1.6123599924395315,1.6978300199133896,1.8482115244935922,1.9690256613803916,0.019776191394945013,0.11286899479066179
15,1,1.5170061758662774,-1.3113299967755503,1.6845669902609697,1.5696293207517806,1.7839517804259768,0.019776191394945013,0.11286899479066179
15,1,1.065704353827776,-1.0102999566398119,1.6679641362036768,1.3704875975054083,1.472715899750527,0.019776191394945013,0.11286899479066179
15,1,0.6149037901968988,-0.7092699609758307,1.2731429388681386,1.0122536261120756,1.1680493461105208,0.019776191394945013,0.11286899479066179
15,1,0.47278213142791686,-0.4082399653118496,0.9484477142137651,0.8370256196939024,0.8905457766889066,0.019776191394945013,0.11286899479066179
15,1,0.13501748129855012,-0.10720996964786837,0.42142835118839106,0.6694238058212564,0.6165043344559384,0.019776191394945013,0.11286899479066179
15,1,-0.03282744331320011,0.19382002601611284,0.22721039093528975,0.3660437912803818,0.30427619122165595,0.019776191394945013,0.11286899479066179
15,1,-0.38425608199054845,0.494850021680094,-0.18306916017679786,0.1837797619831973,0.09285325458518004,0.019776191394945013,0.11286899479066179
15,1,-0.49048886690179755,0.7958800173440752,-0.5375815607662991,0.017250814182206822,-0.017907004296468222,0.019776191394945013,0.11286899479066179
15,2,1.8359370027967634,-1.6123599924395315,2.0234829196929316,1.987803539531182,1.9956933179422947,0.011479837931699788,0.11286899479066179
15,2,1.4139882249307432,-1.3113299967755503,1.6180385232716012,1.6626504958300745,1.7008700780165777,0.011479837931699788,0.11286899479066179
15,2,1.341602060922633,-1.0102999566398119,1.4975743983475502,1.3926942065519863,1.4002312779811412,0.011479837931699788,0.11286899479066179
15,2,1.1761790619318877,-0.7092699609758307,1.282692777604034,1.1328363133267032,1.1421141353475024,0.011479837931699788,0.11286899479066179
15,2,0.7834454121150015,-0.4082399653118496,0.9042252509115242,0.9418075037836696,1.0015917413454916,0.011479837931699788,0.11286899479066179
15,2,0.3520707763125138,-0.10720996964786837,0.593312909439433,0.5226160721607866,0.5926685853543459,0.011479837931699788,0.11286899479066179
15,2,0.08287933563809233,0.19382002601611284,0.2646094605948103,0.3027063010223861,0.39102785771984566,0.011479837931699788,0.11286899479066179
15,2,-0.22626485377769112,0.494850021680094,-0.1384493019891076,0.15055318409864013,0.0932247421023347,0.011479837931699788,0.11286899479066179
15,2,-0.4784255284346919,0.7958800173440752,-0.5016940229742546,0.00287020458852915,0.014998749278543447,0.011479837931699788,0.11286899479066179
15,3,1.6948979258967987,-1.6123599924395315,1.5006192638405342,1.685951532196911,1.8654254912133619,0.0031834844684545628,0.11286899479066179
15,3,1.5204112245864927,-1.3113299967755503,1.5328021343449683,1.558108002914163,1.4852243356332158,0.0031834844684545628,0.11286899479066179
15,3,1.344520758872659,-1.0102999566398119,1.609975263227456,1.3976234994315961,1.3206523634251912,0.0031834844684545628,0.11286899479066179
15,3,1.136711344120111,-0.7092699609758307,1.271241084440901,1.3526358802931646,1.0529869128043658,0.0031834844684545628,0.11286899479066179
15,3,0.8674892180637188,-0.4082399653118496,0.9395998677517237,1.0064992370905024,0.9408728687547618,0.0031834844684545628,0.11286899479066179
15,3,0.3464243180270192,-0.10720996964786837,0.642282657310526,0.5626906403665158,0.7053954130413707,0.0031834844684545628,0.11286899479066179
15,3,0.24651872753772955,0.19382002601611284,0.3252029619291499,0.3063656831118347,0.3607525729089815,0.0031834844684545628,0.11286899479066179
15,3,-0.2109399213270094,0.494850021680094,-0.07687857358730814,0.11064807701626238,0.1504511359879929,0.0031834844684545628,0.11286899479066179
15,3,-0.4648411405070055,0.7958800173440752,-0.48907508986964315,-0.06631956264545676,-0.0341192935579971,0.0031834844684545628,0.11286899479066179
16,1,1.8058178929302529,-1.6123599924395315,2.05345423778889,2.0047281463013684,1.9878473233337635,0.01376378909017306,0.08703572512903553
16,1,1.4057084894367056,-1.3113299967755503,1.8077942319767446,1.4910759233977313,1.705671395971077,0.01376378909017306,0.08703572512903553
16,1,1.1066313698126566,-1.0102999566398119,1.3665854516726936,1.309234148332386,1.226147676687578,0.01376378909017306,0.08703572512903553
16,1,0.917352678369083,-0.7092699609758307,1.100832265981018,1.044284691450247,1.2161956748866,0.01376378909017306,0.08703572512903553
16,1,0.6945491263182391,-0.4082399653118496,0.7324493015308521,0.9084550135065584,1.0361323085533636,0.01376378909017306,0.08703572512903553
16,1,0.4853614506915277,-0.10720996964786837,0.4377191728231133,0.8430333705246491,0.4871160342585539,0.01376378909017306,0.08703572512903553
16,1,0.1371449498809986,0.19382002601611284,0.1269095411405189,0.5129154225868549,0.49605870825937426,0.01376378909017306,0.08703572512903553
16,1,-0.2678889245149914,0.494850021680094,-0.028062784708709643,0.12752988352577405,0.1700894474158256,0.01376378909017306,0.08703572512903553
16,1,-0.5930154484033417,0.7958800173440752,-0.297273469656477,-0.10630019402961224,-0.08251371496865845,0.01376378909017306,0.08703572512903553
16,2,1.5525869514914357,-1.6123599924395315,1.5640887191701958,2.003224666520854,1.7366482597201154,0.01447221941099079,0.08703572512903553
16,2,1.6687331584861453,-1.3113299967755503,1.535465657733989,1.2572087666392202,1.3565073826674265,0.01447221941099079,0.08703572512903553
16,2,1.0198482820318582,-1.0102999566398119,1.2984654972381409,1.2940527743110115,1.3286175995327425,0.01447221941099079,0.08703572512903553
16,2,0.8603363085493259,-0.7092699609758307,0.9662441080920788,1.1990806749118492,1.096837010112615,0.01447221941099079,0.08703572512903553
16,2,0.769831792857367,-0.4082399653118496,0.8614503736563669,1.052086554712326,0.9194219842923796,0.01447221941099079,0.08703572512903553
16,2,0.559410378636787,-0.10720996964786837,0.6212501634276093,0.845720659722918,0.694434792772685,0.01447221941099079,0.08703572512903553
16,2,0.06233598143729553,0.19382002601611284,0.2806661714781284,0.4905856076856031,0.5191657950488276,0.01447221941099079,0.08703572512903553
16,2,-0.30839587042467076,0.494850021680094,-0.039588408380086176,0.16757907172674028,0.25442029871222216,0.01447221941099079,0.08703572512903553
16,2,-0.44806331025371887,0.7958800173440752,-0.3223446428929798,-0.12550599741180868,-0.06307357670367557,0.01447221941099079,0.08703572512903553
16,3,1.7707239443994014,-1.6123599924395315,1.4623384681348772,1.9305866302418304,1.4686909623013333,0.0031373342779070943,0.08703572512903553
16,3,1.3874369139168155,-1.3113299967755503,1.2581774727581472,1.5110855346518732,1.484483278407979,0.0031373342779070943,0.08703572512903553
16,3,1.2568820984939117,-1.0102999566398119,1.2519649258149266,1.4013152981415606,1.1813853794991809,0.0031373342779070943,0.08703572512903553
16,3,1.2974526822751213,-0.7092699609758307,1.0584377634528297,1.2174684834235956,1.1284668060280418,0.0031373342779070943,0.08703572512903553
16,3,0.8532352662275705,-0.4082399653118496,0.7661828640589767,0.9903927057530137,0.8942443862373606,0.0031373342779070943,0.08703572512903553
16,3,0.3573522178470642,-0.10720996964786837,0.5779439800471085,0.683015695226089,0.701384343056377,0.0031373342779070943,0.08703572512903553
16,3,0.020477506172944665,0.19382002601611284,0.2132278794985093,0.4859332977329303,0.4707029410941937,0.0031373342779070943,0.08703572512903553
16,3,-0.32512612058618806,0.494850021680094,-0.10967012385875559,0.1309174372220799,0.180225610664656,0.0031373342779070943,0.08703572512903553
16,3,-0.6259861136064198,0.7958800173440752,-0.35642305839763183,-0.09274457236464016,-0.02747912961099543,0.0031373342779070943,0.08703572512903553
17,1,1.6299881923066837,-1.6123599924395315,1.801422087239574,2.0043333753136023,1.8248684256593504,0.020016093341380003,0.05210219271776302
17,1,1.3520729634969453,-1.3113299967755503,1.681633740276046,1.475646678314798,1.438550484193725,0.020016093341380003,0.05210219271776302
17,1,1.3505195583717557,-1.0102999566398119,1.602063289289851,1.543582279538746,1.4468431205062322,0.020016093341380003,0.05210219271776302
17,1,1.213930539349375,-0.7092699609758307,1.11007676251625,1.1656411493800503,0.9741795180077143,0.020016093341380003,0.05210219271776302
17,1,0.7821717199605951,-0.4082399653118496,0.7576171825256681,1.1429769737156268,0.9036251435243904,0.020016093341380003,0.05210219271776302
17,1,0.7506104916773707,-0.10720996964786837,0.6692578271201216,0.753553165985469,0.8139171423188712,0.020016093341380003,0.05210219271776302
17,1,0.3566723208223571,0.19382002601611284,0.35387570115906825,0.4288283878039249,0.5130609600708843,0.020016093341380003,0.05210219271776302
17,1,0.03885155439189452,0.494850021680094,-0.11690672012051125,0.05126266329980421,0.21001761871193675,0.020016093341380003,0.05210219271776302
17,1,-0.3670036743846274,0.7958800173440752,-0.5652121152123181,-0.20926013423330225,-0.030050033890911636,0.020016093341380003,0.05210219271776302
17,2,1.4842376692072514,-1.6123599924395315,1.7604019775045852,1.8226690150504896,1.755880384282949,0.0033192516596258297,0.05210219271776302
17,2,1.6357960880364544,-1.3113299967755503,1.4857339857027472,1.74243344012052,1.5571080530450556,0.0033192516596258297,0.05210219271776302
17,2,1.2452235371348608,-1.0102999566398119,1.698089259674361,1.1864505563599492,1.1652220011164398,0.0033192516596258297,0.05210219271776302
17,2,1.027826817570028,-0.7092699609758307,1.224617965374865,1.2938548969468016,1.0000999937507233,0.0033192516596258297,0.05210219271776302
17,2,0.9323496057203194,-0.4082399653118496,0.9497988737613866,1.1182244603232903,0.7920030760146279,0.0033192516596258297,0.05210219271776302
17,2,0.7873327135195397,-0.10720996964786837,0.6000647839429797,0.7978530710474331,0.7663149086612318,0.0033192516596258297,0.05210219271776302
17,2,0.45369183736576923,0.19382002601611284,0.274732579431642,0.4111231461041837,0.5622603454633582,0.0033192516596258297,0.05210219271776302
17,2,0.004369826035837913,0.494850021680094,-0.13656595678954267,0.034032241156172476,0.27901543230156833,0.0033192516596258297,0.05210219271776302
17,2,-0.35416062109778257,0.7958800173440752,-0.551651816902516,-0.16523360029043122,-0.013246774194522887,0.0033192516596258297,0.05210219271776302
17,3,1.0681092204911564,-1.6123599924395315,1.6783729330489232,1.7360033276706688,1.5416157397458368,4.023335345001006e-4,0.05210219271776302
17,3,1.2845275749598548,-1.3113299967755503,1.6883742886667785,1.302995561017553,1.2433395331487205,4.023335345001006e-4,0.05210219271776302
17,3,1.2672410624884716,-1.0102999566398119,1.6213450301605978,1.5921540609649734,1.479339022260592,4.023335345001006e-4,0.05210219271776302
17,3,1.0621001721082144,-0.7092699609758307,1.1762494523004536,1.4075331167781666,1.0313255004908581,4.023335345001006e-4,0.05210219271776302
17,3,0.8929262165349224,-0.4082399653118496,0.8614091661499544,1.1500815651042675,0.810657727057909,4.023335345001006e-4,0.05210219271776302
17,3,0.6414674841894312,-0.10720996964786837,0.5663143132704451,0.7817738586195794,0.7028773851998846,4.023335345001006e-4,0.05210219271776302
17,3,0.40437029466967706,0.19382002601611284,0.21818036869161356,0.4023695385786492,0.5624144282403867,4.023335345001006e-4,0.05210219271776302
17,3,0.05309470945853701,0.494850021680094,-0.06804958328970895,-0.052088158033064984,0.31073942688804046,4.023335345001006e-4,0.05210219271776302
17,3,-0.2723892032726509,0.7958800173440752,-0.535957998718878,-0.18156331002070233,0.010992243723009698,4.023335345001006e-4,0.05210219271776302
18,1,1.6292705013553181,-1.6123599924395315,1.6279894343751595,1.3905188354668545,1.0332528973135224,0.005544485835571342,0.038378237893095385
18,1,1.9017515347971135,-1.3113299967755503,1.5556727132110424,1.4561965335852636,1.464768971350647,0.005544485835571342,0.038378237893095385
18,1,1.7057870989630353,-1.0102999566398119,1.2298893011769927,1.4988544032004592,1.1745838250227512,0.005544485835571342,0.038378237893095385
18,1,1.4054704005028829,-0.7092699609758307,0.92337196878089145,1.4480346256643504,1.3354873971946764,0.005544485835571342,0.038378237893095385
18,1,0.9492196643251198,-0.4082399653118496,0.6605623087922855,1.0720425755738663,1.0491288716673726,0.005544485835571342,0.038378237893095385
18,1,0.4869136863885529,-0.10720996964786837,0.23763567690002813,0.7740181094746484,0.8435381409863166,0.005544485835571342,0.038378237893095385
18,1,0.08254094714900792,0.19382002601611284,0.051742493594730626,0.3670139167586477,0.4912747525082365,0.005544485835571342,0.038378237893095385
18,1,-0.38128219765321353,0.494850021680094,-0.3174334257587922,0.18297566461972953,0.12733637548962662,0.005544485835571342,0.038378237893095385
18,1,-0.695321770122548,0.7958800173440752,-0.37423568119765604,-0.18664327894455274,-0.15822047103937487,0.005544485835571342,0.038378237893095385
18,2,1.8660091531325935,-1.6123599924395315,1.6000075193618617,1.8671627086598868,1.9149300305371775,0.00623754656501776,0.038378237893095385
18,2,1.9023205654056417,-1.3113299967755503,1.2470425401951681,1.4769507731074862,1.4487210701323057,0.00623754656501776,0.038378237893095385
18,2,1.704562975190766,-1.0102999566398119,1.4639180121895174,1.3303187938789156,1.1840204995824544,0.00623754656501776,0.038378237893095385
18,2,1.3165939533434023,-0.7092699609758307,1.0102798279163359,1.2517979509559627,1.1583564400670348,0.00623754656501776,0.038378237893095385
18,2,0.6812586088884017,-0.4082399653118496,0.5864529979729562,1.0155463098812358,1.0138097049191928,0.00623754656501776,0.038378237893095385
18,2,0.34435772959553507,-0.10720996964786837,0.2090779082620941,0.7655020824192653,0.7933411229481234,0.00623754656501776,0.038378237893095385
18,2,0.1808535174803386,0.19382002601611284,0.13337079108551944,0.468534142519725,0.5414714607604122,0.00623754656501776,0.038378237893095385
18,2,-0.3594002239216902,0.494850021680094,-0.32342173730037393,0.14367416759958682,0.15975464526890634,0.00623754656501776,0.038378237893095385
18,2,-0.7003431386445435,0.7958800173440752,-0.5679858204430281,-0.14419988797406982,-0.11512975437287257,0.00623754656501776,0.038378237893095385
18,3,2.038718980744568,-1.6123599924395315,1.4302538427711968,1.6769988049716864,1.1855785595667345,0.00155938664125444,0.038378237893095385
18,3,1.903908967888414,-1.3113299967755503,1.5835315821089362,1.5243627088298797,1.5962265605996129,0.00155938664125444,0.038378237893095385
18,3,1.6447879224301885,-1.0102999566398119,1.3700096124225538,1.4238838315162035,1.3405801517167024,0.00155938664125444,0.038378237893095385
18,3,1.451474290167284,-0.7092699609758307,1.0349541995652918,1.3648727885421617,1.247955168766333,0.00155938664125444,0.038378237893095385
18,3,0.7967185377508547,-0.4082399653118496,0.4756938752342854,0.9721094972037114,1.0847517898763637,0.00155938664125444,0.038378237893095385
18,3,0.3924732620729167,-0.10720996964786837,0.08177806795785456,0.8397318888090259,0.842947196177302,0.00155938664125444,0.038378237893095385
18,3,0.12295642155813484,0.19382002601611284,-0.06041449571222345,0.4270930665464642,0.483844458918721,0.00155938664125444,0.038378237893095385
18,3,-0.36722267125969554,0.494850021680094,-0.3408098602251003,0.1217173761646876,0.13100151397138513,0.00155938664125444,0.038378237893095385
18,3,-0.7145928453049324,0.7958800173440752,-0.5580869819702587,-0.13457091681734126,-0.16266084733905975,0.00155938664125444,0.038378237893095385
19,1,1.3791907203968081,-1.6123599924395315,1.6040774925544494,1.4664565517036512,1.5233238588369127,0.03469146737525834,0.030705639208739297
19,1,1.7245681787746259,-1.3113299967755503,1.4875816871569656,1.2786526624253538,1.4613659068360427,0.03469146737525834,0.030705639208739297
19,1,1.1704558044749027,-1.0102999566398119,1.5516461121941165,1.5316811159012942,1.4303564328536518,0.03469146737525834,0.030705639208739297
19,1,0.9430228936178803,-0.7092699609758307,1.3076899304907745,1.2657434406519434,1.1974265223182494,0.03469146737525834,0.030705639208739297
19,1,0.7660701408940317,-0.4082399653118496,0.9164718617725847,1.107448263357027,1.0913393443386987,0.03469146737525834,0.030705639208739297
19,1,0.3092258608801968,-0.10720996964786837,0.6019709736479625,0.694198392947583,0.7830438673865936,0.03469146737525834,0.030705639208739297
19,1,0.0021802298993220145,0.19382002601611284,0.19629721660524674,0.4769599093160447,0.4388436639175465,0.03469146737525834,0.030705639208739297
19,1,-0.36652284391552203,0.494850021680094,0.09476472352475708,0.08616783054614224,0.21128476537251506,0.03469146737525834,0.030705639208739297
19,1,-0.641844643777453,0.7958800173440752,-0.2523360152421876,-0.09802905399545182,-0.060937128506119,0.03469146737525834,0.030705639208739297
19,2,1.853799888987659,-1.6123599924395315,2.1264063350373448,2.1202555159315657,1.9355595607855656,0.00088573959255978745,0.030705639208739297
19,2,1.3758295417299784,-1.3113299967755503,1.659980717128928,1.6663960806204898,1.746920174614831,0.00088573959255978745,0.030705639208739297
19,2,1.1531676204560664,-1.0102999566398119,1.5697592284424018,1.3277825313916602,1.3863356395274944,0.00088573959255978745,0.030705639208739297
19,2,0.8351376150717207,-0.7092699609758307,1.0291524074146623,1.2488752451512661,1.1214537016749992,0.00088573959255978745,0.030705639208739297
19,2,0.6096562767626247,-0.4082399653118496,0.6997628924587349,0.8776375940364715,0.9909366864416139,0.00088573959255978745,0.030705639208739297
19,2,0.13413682212210523,-0.10720996964786837,0.5305555672157818,0.5675092913060873,0.6729219311567894,0.00088573959255978745,0.030705639208739297
19,2,0.09362019140415843,0.19382002601611284,0.24615660771529715,0.40243113333108466,0.45239252313320233,0.00088573959255978745,0.030705639208739297
19,2,-0.27196076878242903,0.494850021680094,-0.08245483657840026,0.18683987223303813,0.20263595389689346,0.00088573959255978745,0.030705639208739297
19,2,-0.541340371213317,0.7958800173440752,-0.1332140650650763,-0.135422086191614,-0.07357556510421799,0.00088573959255978745,0.030705639208739297
19,3,1.2728955053959643,-1.6123599924395315,1.0523293667399984,1.5062115947486292,1.0673544787107696,2.952465308532625e-4,0.030705639208739297
19,3,1.7399125443737835,-1.3113299967755503,1.49315964061317,1.4196358435418093,1.4370149486201098,2.952465308532625e-4,0.030705639208739297
19,3,0.9104494852502717,-1.0102999566398119,1.5003783898423773,1.1770076932179927,1.1320516122879491,2.952465308532625e-4,0.030705639208739297
19,3,1.074796704941359,-0.7092699609758307,1.2476931125764212,1.3675475761643687,1.3698040449135287,2.952465308532625e-4,0.030705639208739297
19,3,0.7317190035887895,-0.4082399653118496,0.9749743637492783,1.1816965572083258,0.9673699799413389,2.952465308532625e-4,0.030705639208739297
19,3,0.2132822992898661,-0.10720996964786837,0.5164469166288329,0.8848724976977881,0.8162973440024841,2.952465308532625e-4,0.030705639208739297
19,3,0.07456167529738637,0.19382002601611284,0.17159191552797304,0.4384290856387675,0.5535163151936928,2.952465308532625e-4,0.030705639208739297
19,3,-0.28809837708599423,0.494850021680094,0.004836082450329977,0.16435919830099172,0.13166588546996796,2.952465308532625e-4,0.030705639208739297
19,3,-0.5862559050640493,0.7958800173440752,-0.2661560017466925,-0.19051554728432374,-0.04408151957410373,2.952465308532625e-4,0.030705639208739297
20,1,1.6685599186937552,-1.6123599924395315,1.3219053985418163,1.692043705056172,1.467853676243397,0.009751456772505648,0.03805446545368058
20,1,1.664241260057782,-1.3113299967755503,1.4670920549951743,2.013301098124506,1.648564711607186,0.009751456772505648,0.03805446545368058
20,1,1.5108340124085242,-1.0102999566398119,1.524645074265325,1.3027567622707306,1.274940513359545,0.009751456772505648,0.03805446545368058
20,1,0.9191739820941357,-0.7092699609758307,1.2716901978076067,1.1170799721899245,1.2321291284267626,0.009751456772505648,0.03805446545368058
20,1,0.7934741758236271,-0.4082399653118496,0.8735980166750593,0.8458470802611036,1.005861757348143,0.009751456772505648,0.03805446545368058
20,1,0.20943872093533894,-0.10720996964786837,0.6128688113752615,0.4781405440104643,0.6482471110100323,0.009751456772505648,0.03805446545368058
20,1,0.16381774381318995,0.19382002601611284,0.2948128361335249,0.19814048673284157,0.4531115939272105,0.009751456772505648,0.03805446545368058
20,1,-0.09427594523147384,0.494850021680094,-0.020454155193305512,0.009466137029428076,0.1998939754740395,0.009751456772505648,0.03805446545368058
20,1,-0.45868607455220745,0.7958800173440752,-0.19796058034997913,-0.19521502485279293,-0.018900332011536524,0.009751456772505648,0.03805446545368058
20,2,1.8442100419089658,-1.6123599924395315,1.9719093428441115,1.379434727567119,1.9313884992834416,0.009632536567962896,0.03805446545368058
20,2,1.444491815441753,-1.3113299967755503,1.8622658407487327,1.7100649661973049,1.7708943137239495,0.009632536567962896,0.03805446545368058
20,2,1.5393867828970849,-1.0102999566398119,1.1379701581961246,1.5745528836579104,1.4342595775614377,0.009632536567962896,0.03805446545368058
20,2,1.0498305028720767,-0.7092699609758307,1.041856083847231,1.393662338501482,1.0864871636985471,0.009632536567962896,0.03805446545368058
20,2,0.6085202514720726,-0.4082399653118496,0.7269372724096257,0.7681624607536888,0.8884351199000612,0.009632536567962896,0.03805446545368058
20,2,0.2590915522768444,-0.10720996964786837,0.5017439232114461,0.4734922661420789,0.4464745415812892,0.009632536567962896,0.03805446545368058
20,2,0.10919952828871947,0.19382002601611284,0.3483623428087572,0.20141006837227432,0.45835755416786667,0.009632536567962896,0.03805446545368058
20,2,-0.026263894420953112,0.494850021680094,0.009361832885078272,0.024188547856308345,0.20603577599157819,0.009632536567962896,0.03805446545368058
20,2,-0.3807027257607591,0.7958800173440752,-0.14467528672746313,-0.231525445605097,-0.048857809371379776,0.009632536567962896,0.03805446545368058
20,3,1.4441180536657623,-1.6123599924395315,1.879518173963742,1.6535072535665578,1.7561630241725388,0.0024973242953977882,0.03805446545368058
20,3,1.6967816224223604,-1.3113299967755503,1.6916105833386508,1.9219825582388408,1.5498944822107334,0.0024973242953977882,0.03805446545368058
20,3,1.1029268121776457,-1.0102999566398119,1.2921219390868108,1.5213584626401817,1.3610985312121289,0.0024973242953977882,0.03805446545368058
20,3,1.2572201049527463,-0.7092699609758307,1.0923337542509661,1.1544253892779446,1.124380287361869,0.0024973242953977882,0.03805446545368058
20,3,0.8201888963895292,-0.4082399653118496,0.9496654113369528,0.8435700091829608,0.8914292798211818,0.0024973242953977882,0.03805446545368058
20,3,0.4333151919966607,-0.10720996964786837,0.5862194080162122,0.4746244453267307,0.735803827327762,0.0024973242953977882,0.03805446545368058
20,3,0.049218689522471826,0.19382002601611284,0.38363436117609473,0.2118839720079208,0.5112711435936781,0.0024973242953977882,0.03805446545368058
20,3,-0.025400922677818398,0.494850021680094,-0.09490929055058782,-0.0558698976811395,0.2062096207845312,0.0024973242953977882,0.03805446545368058
20,3,-0.3991481405465302,0.7958800173440752,-0.1846469817929212,-0.20132207721283593,-0.016379691678226088,0.0024973242953977882,0.03805446545368058
